<?xml version="1.0" encoding="UTF-8" standalone="yes"?>
<addon id="repository.tomplast" name="tomplast Repo" version="0.1.0" provider-name="tomplast">
    <extension point="xbmc.addon.repository" name="Example Repository">
        <dir minversion="19.0.0">
            <info compressed="false">https://raw.githubusercontent.com/tomplast/tomplast.github.io/main/matrix/zips/addons.xml</info>
            <checksum>https://raw.githubusercontent.com/tomplast/tomplast.github.io/main/matrix/zips/addons.xml.md5</checksum>
            <datadir zip="true">https://raw.githubusercontent.com/tomplast/tomplast.github.io/main/matrix/zips/</datadir>
        </dir>
    </extension>
    <extension point="xbmc.addon.metadata">
        <summary>repository.tomplast</summary>
        <description>Repo for tomplast's Kodi stuff</description>
        <disclaimer></disclaimer>
        <platform>all</platform>
        <assets>
            <icon>icon.png</icon>
            <fanart>fanart.jpg</fanart>
        </assets>
    </extension>
</addon>
